ID_Cliente,Nome,Idade,Gênero,Estado_Civil,Escolaridade,Renda_Familiar,Despesas_Mensais,Filhos,Situação_Trabalho,Status,Score,Compras_Ultimos_Meses,Tempo_Nome_Serasa,Maior_Diferenca_Social_Financeira,Tipo_Negocio,Valor_Emprestimo,Lucro,Taxa_Crescimento,Nome_Empresa
9ab49160-dc04-435d-a68e-a53e1dd9bd81,Davi Lucas da Rosa,64,Masculino,Divorciado,Superior Completo,11072,7765.42,5,Empregado,Inadimplente,779,16677.77,35,4448.6,Autônomo,9602,1440.3,24.122.128.420.839.300,Aurora Soluções
f368e416-f486-4c23-8f0c-d330b780e524,Ana Vitória Alves,41,Masculino,Divorciado,Fundamental Completo,6421,7081.78,1,Empregado,Inadimplente,326,11359.97,6,6779.05,Logística,18698,2804.7,23.030.522.501.935.700,Verde Holdings
55811849-6158-44c8-8f7a-35b825fa4e3b,Ana Carolina Alves,21,Masculino,Solteiro,Fundamental Incompleto,15024,7735.49,2,Autônomo,Inadimplente,554,17694.01,39,5635.86,Saúde,44369,6.655.349.999.999.990,16.101.328.037.241.600,Horizonte Consultoria
d86a9a7a-e5e3-44bf-979a-9d99ef1403ac,Fernando da Costa,45,Masculino,Divorciado,Pós-Graduação,13014,7011.49,1,Desempregado,Inadimplente,320,10364.65,30,7851.73,Serviços,7832,1174.8,-3.981.701.290.819.470,Estrela Empreendimentos
36705b71-5927-4245-8cfc-579049bd126e,André Caldeira,56,Masculino,Divorciado,Médio Incompleto,17868,14536.31,0,Empregado,Inadimplente,842,9698.55,53,3935.32,Comércio,33201,4980.15,-34.267.382.130.976.600,Sol Nascente Serviços
a89fd1f4-d715-48ca-a1e8-cd144202bdda,Dr. Lucas da Luz,27,Masculino,Viúvo,Médio Incompleto,19563,4259.48,2,Desempregado,Inadimplente,766,4067.2,0,1280.79,Indústria,22214,3332.1,22.161.494.643.181.100,Polo Tecnologias
3abf4cf1-5993-4082-8e2a-39ae12286c39,Sr. Felipe da Conceição,49,Feminino,Solteiro,Fundamental Completo,14507,14194.02,3,Autônomo,Inadimplente,700,3907.68,60,12676.09,Comércio,39589,5.938.349.999.999.990,-28.265.573.187.432.000,Riacho Indústrias
c29af89d-4c50-4367-87f2-df0bb1e6994e,Marina Ferreira,43,Masculino,Casado,Médio Completo,8639,5841.29,4,Autônomo,Inadimplente,672,14856.78,0,10488.75,Educação,5083,7.624.499.999.999.990,132.386.883.967.212,Inova Parceiros
d6024c8b-a9fe-45b0-93e2-2f54b66301e7,Nathan Barbosa,42,Feminino,Viúvo,Médio Completo,11851,4072.23,3,Empregado,Inadimplente,815,5181.77,23,2246.79,Comércio,13157,1973.55,-34.699.251.967.779.300,Futuro Consultoria
6eb627af-0d62-4ce4-a45a-3a71fd7f12ea,Ana Luiza Jesus,37,Feminino,Solteiro,Fundamental Incompleto,19035,1566.6,1,Empregado,Inadimplente,354,15648.3,17,2797.34,Logística,16028,2404.2,5.876.088.041.126.780,Nexus Corporativo
790990c2-dd5c-4f40-966e-ba361b75b91c,Enzo Gabriel Souza,24,Feminino,Viúvo,Fundamental Completo,10764,1645.82,2,Empregado,Inadimplente,812,8706.59,56,1093.75,Indústria,9688,1453.2,9.182.674.880.761.490,Altura Soluções
8d6fb29d-165a-4b20-a0bd-c52177ac1224,Natália Moura,23,Feminino,Casado,Fundamental Incompleto,18989,628.57,4,Autônomo,Inadimplente,674,18920.85,8,13620.94,Autônomo,31636,4745.4,1.999.698.572.710.330,Brilho Holdings
3d1933c4-69dc-4422-aac5-7a3013ae9b62,Arthur Lopes,52,Masculino,Solteiro,Fundamental Completo,8008,2825.4,5,Autônomo,Inadimplente,380,5590.22,50,5904.22,Indústria,35701,5355.15,12.557.536.900.076.400,Orion Consultoria
e8046129-b3af-423c-809c-a6d78527e45f,Enzo Gabriel Farias,60,Feminino,Viúvo,Médio Completo,10488,2797.83,4,Autônomo,Inadimplente,388,7422.69,19,2256.94,Logística,14299,2144.85,-30.868.501.174.366.100,Vértice Empreendimentos
f9edcab5-99ca-402a-b583-60bdf4e34c85,Mariana Moreira,34,Masculino,Solteiro,Pós-Graduação,4649,4522.12,4,Autônomo,Inadimplente,830,8685.41,12,506.26,Serviços,11525,1728.75,11.514.928.980.745.000,Novo Serviços
fdf85156-0224-49f6-b1b0-b2a312ce41fc,Camila Ferreira,65,Masculino,Solteiro,Médio Incompleto,10385,8393.61,0,Empregado,Inadimplente,545,17636.47,17,7736.03,Indústria,39191,5878.65,7.841.996.469.379.830,Primeiro Tecnologias
eb381ca2-9ed6-4240-b980-5d9b2cf9c011,Pedro Miguel Barbosa,37,Masculino,Solteiro,Pós-Graduação,13608,9873.62,2,Empregado,Inadimplente,540,10468.42,49,12361.76,Tecnologia,7020,1053.0,8.229.323.063.950.260,União Indústrias
42f50550-e048-4bff-8d5b-430ac00df8ae,Davi Luiz Porto,32,Masculino,Divorciado,Médio Incompleto,3519,6653.26,1,Empregado,Inadimplente,439,4504.55,51,3715.22,Logística,13880,2082.0,980.321.155.527.019,Ponte Parceiros
7becd641-0c0e-49dd-8234-493f02c167a5,Carlos Eduardo Melo,43,Feminino,Solteiro,Fundamental Completo,14272,4146.12,4,Empregado,Inadimplente,300,3889.85,57,7010.27,Indústria,44391,6658.65,7.552.636.742.390.830,Frente Consultoria
f9cba228-5029-49e4-b5fe-f914e3a5720f,Bárbara Caldeira,60,Feminino,Divorciado,Pós-Graduação,19905,1289.64,3,Empregado,Inadimplente,403,11929.15,46,8990.98,Comércio,6307,946.05,-0.2302761691606258,Alvorada Corporativo
a9952053-dfa0-4d78-a2d5-0048de596e43,Isabella Gonçalves,19,Masculino,Casado,Médio Completo,11673,10838.67,5,Desempregado,Inadimplente,814,2333.08,26,11565.73,Comércio,37179,5.576.849.999.999.990,7.333.548.476.530.930,Aurora Soluções
a1a9cb64-5355-4c65-942c-8b4757b30c84,Ana Julia Nascimento,50,Feminino,Divorciado,Fundamental Incompleto,4108,12060.55,0,Autônomo,Inadimplente,791,309.97,58,3751.63,Autônomo,7458,1118.7,-0.4714077932337872,Verde Holdings
f081273b-ae9c-4728-9e98-949c739b9a62,Dr. Eduardo Correia,27,Feminino,Divorciado,Fundamental Completo,14180,10082.06,1,Autônomo,Inadimplente,361,7956.72,35,11513.0,Autônomo,26971,4045.65,10.167.845.446.330.900,Horizonte Consultoria
138f2807-47c4-4858-96b3-8bff550a4a3c,Manuela Caldeira,59,Feminino,Casado,Superior Completo,10275,8793.82,0,Desempregado,Inadimplente,669,10559.7,12,6478.76,Logística,34436,5165.4,2.327.002.325.461.570,Estrela Empreendimentos
4dcd89df-5de8-428c-a67b-96e4770cf397,Davi Lucca Campos,25,Masculino,Divorciado,Pós-Graduação,6400,8051.38,4,Desempregado,Inadimplente,786,11726.96,38,9886.37,Autônomo,26586,3987.9,2.467.341.860.150.250,Sol Nascente Serviços
fa21fa15-12db-4372-bd83-8202cddf3765,Clara Barros,58,Feminino,Viúvo,Superior Completo,3150,13589.94,2,Empregado,Inadimplente,666,19082.18,41,12885.76,Serviços,19171,2875.65,4.294.238.069.721.120,Polo Tecnologias
b40643b3-316d-4626-a236-2f1d2c4dc9bd,Camila Moura,54,Masculino,Viúvo,Médio Incompleto,8406,13858.18,5,Desempregado,Inadimplente,816,17103.01,59,9806.1,Serviços,26793,4018.95,11.151.001.782.802.700,Riacho Indústrias
4c34c386-e513-4b27-902a-932ff8d330ab,Isis Fogaça,33,Masculino,Solteiro,Pós-Graduação,4938,963.35,4,Empregado,Inadimplente,802,11956.52,23,11168.85,Comércio,49786,7467.9,0.10083262639289,Fastin
9e98a315-e640-49cc-822b-6bd2c2b321e6,Bianca Novaes,65,Feminino,Viúvo,Fundamental Incompleto,8852,12291.94,3,Empregado,Inadimplente,659,14506.57,5,4191.33,Comércio,43702,6555.3,11.543.726.491.663.700,Futuro Consultoria
ce9acf0e-94cd-4897-83fa-034f03fbc81d,Dr. Yuri Martins,45,Masculino,Viúvo,Fundamental Completo,9818,14215.15,4,Autônomo,Inadimplente,584,16474.64,9,12632.76,Logística,48805,7320.75,2.194.122.336.298.700,Nexus Corporativo
eb0f6183-31b3-419d-b067-c356eec348f2,Carolina Costela,54,Feminino,Divorciado,Médio Completo,8992,10101.81,3,Empregado,Inadimplente,634,3327.99,53,7321.09,Autônomo,19873,2980.95,2.248.969.997.466.010,Altura Soluções
d7406016-65f2-447d-8648-df1d6bd2999b,Pedro Lucas Caldeira,22,Feminino,Viúvo,Médio Incompleto,12082,12895.61,1,Desempregado,Inadimplente,388,4769.17,60,13984.23,Autônomo,47017,7052.55,-3.388.795.556.238.950,Brilho Holdings
9b6fc567-965b-4c3c-a6b4-643ef012a224,Sr. Thiago da Conceição,58,Masculino,Solteiro,Fundamental Completo,9424,11444.23,2,Empregado,Inadimplente,325,12127.11,51,3912.45,Indústria,36704,5.505.599.999.999.990,11.572.014.769.236,Orion Consultoria
1e961dcb-f4fa-4a2e-88de-da45eb45888e,Joana Moraes,58,Feminino,Viúvo,Fundamental Completo,15008,14086.88,2,Autônomo,Inadimplente,634,4990.83,33,10992.24,Indústria,49884,7.482.599.999.999.990,15.291.228.087.469.800,Vértice Empreendimentos
aa4a399a-6e97-4df6-8bd5-3073710e9add,Heitor Moreira,53,Feminino,Casado,Superior Completo,17374,3323.65,5,Empregado,Inadimplente,691,11310.13,52,3685.87,Autônomo,42519,6.377.849.999.999.990,8.077.232.005.675.280,Novo Serviços
69d57114-fb59-4f8c-bbdd-14424fa2a7cc,Sarah Farias,47,Masculino,Solteiro,Fundamental Incompleto,1608,14122.12,1,Autônomo,Inadimplente,841,1158.67,1,10586.33,Autônomo,36042,5406.3,133.086.778.903.331,Primeiro Tecnologias
28ff577d-9a34-47c9-bb2f-69368e8d367d,Cauã Barros,56,Masculino,Solteiro,Médio Completo,16841,3927.58,4,Desempregado,Inadimplente,645,748.59,29,14897.0,Comércio,24917,3737.55,17.767.524.723.577.300,União Indústrias
49b1fdc5-c111-4074-b7be-5f6cdd0fb1fc,Thomas Araújo,60,Feminino,Viúvo,Fundamental Incompleto,19656,14756.25,3,Desempregado,Inadimplente,611,13193.99,15,8617.22,Serviços,35215,5282.25,-35.978.541.038.263.200,Ponte Parceiros
9bda4ed0-5ac5-4790-b207-b19a9dcfb392,Srta. Helena Souza,56,Masculino,Solteiro,Pós-Graduação,18621,2720.77,5,Desempregado,Inadimplente,555,5183.28,37,12590.07,Logística,38715,5807.25,12.760.656.722.253.400,Frente Consultoria
638736d0-0ec3-4418-84c9-1d393a0fec90,Diego da Paz,51,Feminino,Divorciado,Pós-Graduação,15198,9970.0,5,Autônomo,Inadimplente,493,10885.54,0,8263.51,Indústria,12125,1818.75,2.443.390.907.829.180,Alvorada Corporativo
01afcfe5-7b25-481c-aa1a-23d684029c05,Vicente das Neves,33,Masculino,Solteiro,Superior Completo,13215,5236.61,3,Autônomo,Inadimplente,326,14710.45,25,6334.07,Indústria,43829,6.574.349.999.999.990,2.430.652.621.341.170,Aurora Soluções
f78a0ac3-52e9-4bb5-9a3a-e8552461bffa,Daniel Costela,32,Masculino,Divorciado,Superior Completo,11592,13199.42,5,Autônomo,Inadimplente,669,17688.97,38,3542.86,Autônomo,46486,6972.9,5.197.851.755.895.620,Verde Holdings
73a6e672-b6b9-4bc7-8b50-edc47118bdbe,Yago Caldeira,32,Masculino,Divorciado,Pós-Graduação,13065,1340.79,4,Desempregado,Inadimplente,765,13188.24,24,9004.77,Autônomo,25592,3838.8,21.793.326.619.920.600,Horizonte Consultoria
71b105a7-bae5-478c-873b-35d0c9fbcfbf,Bryan Rocha,25,Feminino,Casado,Médio Incompleto,19135,11978.11,4,Autônomo,Inadimplente,409,7648.2,22,5029.5,Serviços,15944,2391.6,0.272593868810393,Estrela Empreendimentos
dde70b5f-ffef-401f-9e4d-7b8f8f450866,Davi Lucas Silveira,38,Feminino,Solteiro,Médio Completo,4476,13636.45,3,Desempregado,Inadimplente,378,1680.91,50,1749.6,Comércio,36656,5498.4,2.240.984.938.363.610,Sol Nascente Serviços
d2ae18ba-3630-4286-a53a-cd6e2143a325,Pedro Miguel da Mota,30,Feminino,Solteiro,Superior Completo,17122,14481.97,2,Desempregado,Inadimplente,364,18098.34,18,1247.79,Educação,27669,4.150.349.999.999.990,0.0816450496766663,Polo Tecnologias
9e8a49f4-932f-48c2-9dbf-9bcbad756896,Maria Julia Melo,58,Feminino,Divorciado,Superior Completo,18687,9119.11,1,Desempregado,Inadimplente,592,11933.84,6,9006.73,Comércio,9261,1389.15,-3.053.975.022.869.880,Riacho Indústrias
df372eb9-7c4f-4a93-afdb-3bfa44bb4e1c,Bruno Freitas,34,Feminino,Divorciado,Pós-Graduação,7658,11588.96,4,Autônomo,Inadimplente,359,19462.97,32,8728.94,Indústria,31234,4.685.099.999.999.990,2.129.254.723.454.090,excent
5bac5e72-69ba-45b5-b2a6-b82b92cdd742,Dr. Heitor Souza,49,Feminino,Viúvo,Superior Completo,19972,11010.2,0,Empregado,Inadimplente,569,5867.86,57,4152.89,Comércio,31372,4705.8,2.441.822.247.935.200,Futuro Consultoria
95ee45f5-10da-47cc-b955-964f8b7c6064,Maria Alice Freitas,40,Feminino,Casado,Médio Completo,8404,5420.0,4,Empregado,Inadimplente,317,13244.9,4,13912.53,Logística,15287,2293.05,17.332.815.769.874.800,Nexus Corporativo
0088c7ad-1c0d-48fb-a942-6c0638be8c25,Vitor Gabriel Oliveira,46,Masculino,Casado,Superior Completo,14930,1305.55,4,Empregado,Inadimplente,529,4260.76,13,9278.12,Indústria,12202,1830.3,14.184.377.253.815.600,Altura Soluções
99a76381-6c77-4e24-8842-a523d4c65906,Bryan Fernandes,34,Masculino,Divorciado,Superior Completo,16780,9931.67,5,Autônomo,Inadimplente,467,17813.32,10,2484.97,Agricultura,11059,1658.85,-10.497.126.285.645.500,Brilho Holdings
0c2f6d49-1120-44d1-a6d4-5f7855b04baf,Dra. Sarah da Cruz,57,Feminino,Casado,Superior Completo,3735,7241.38,0,Desempregado,Inadimplente,741,727.4,17,8074.32,Comércio,7640,1146.0,2.236.789.365.342.870,Orion Consultoria
b0e3c2ea-ec87-44b5-9baf-f187d2fd168e,Guilherme da Mata,46,Masculino,Divorciado,Fundamental Completo,17381,6844.57,3,Desempregado,Inadimplente,437,18486.23,32,8220.31,Logística,23215,3482.25,18.800.923.794.758.200,Vértice Empreendimentos
44e4a7bb-2a00-418e-a1b3-f73fc4857650,Lívia Pereira,58,Feminino,Divorciado,Superior Completo,7160,12502.65,5,Autônomo,Inadimplente,454,8204.43,44,13555.02,Comércio,40445,6066.75,1.989.174.979.592.560,Novo Serviços
a9c20669-5284-4339-9d93-86801f047656,Carolina Nunes,41,Masculino,Solteiro,Médio Completo,9573,10455.6,5,Autônomo,Inadimplente,845,3170.97,45,6411.4,Logística,22454,3368.1,12.414.076.109.382.600,Primeiro Tecnologias
91b77ee5-977f-44e6-b816-6b91f01f4ee7,Igor Carvalho,42,Masculino,Casado,Pós-Graduação,19243,8676.92,2,Autônomo,Inadimplente,811,18675.34,24,13059.6,Indústria,21265,3189.75,23.033.127.143.802.900,União Indústrias
ad8fde01-88aa-42a2-888f-55e832caa4ec,Rafaela Ribeiro,43,Feminino,Viúvo,Médio Completo,12189,1399.68,0,Desempregado,Inadimplente,707,13773.61,56,7814.93,Indústria,34969,5.245.349.999.999.990,-2.490.555.691.164.730,Ponte Parceiros
a52dadc9-6df0-4d53-ac67-6990745b9261,Pedro Henrique Freitas,62,Masculino,Solteiro,Médio Incompleto,4941,809.89,3,Autônomo,Inadimplente,448,9441.64,7,14777.24,Tecnologia,7904,1185.6,8.332.692.594.882.470,Frente Consultoria
090a713e-6dc1-4732-9b7e-450345803b51,Emanuel Araújo,21,Masculino,Divorciado,Fundamental Completo,18695,8475.68,5,Desempregado,Inadimplente,818,17452.2,17,8104.08,Saúde,34999,5.249.849.999.999.990,7.954.822.131.686.030,Alvorada Corporativo
d8d30082-3577-40e6-9397-87019e53bcbf,Benjamin da Rocha,30,Feminino,Solteiro,Fundamental Incompleto,11715,11431.39,2,Empregado,Inadimplente,300,329.86,3,12954.14,Educação,12266,1839.9,-1.799.039.299.789.090,Aurora Soluções
1d1c3086-0666-4c45-b4e6-a53a8e3dd8cf,Luiz Fernando Caldeira,30,Masculino,Divorciado,Médio Completo,12932,14365.46,4,Empregado,Inadimplente,516,3078.76,2,8564.9,Logística,16771,2515.65,11.289.769.836.064.700,Verde Holdings
3a0be76e-e6a6-4880-b671-e855fd7a93a9,Isadora Costa,18,Feminino,Viúvo,Médio Incompleto,17894,7024.26,0,Autônomo,Inadimplente,691,5212.62,21,4433.51,Autônomo,30295,4544.25,2.442.416.713.099.450,Horizonte Consultoria
b7797103-fbbf-48fd-a0a9-ef42fcc4eb5a,Gabrielly Campos,21,Feminino,Viúvo,Pós-Graduação,1836,5393.88,0,Empregado,Inadimplente,841,4785.45,35,12276.15,Comércio,40062,6009.3,17.831.325.682.900.100,Estrela Empreendimentos
e0a6e504-3e21-49b9-85b1-f2ff4a4c771e,Renan da Luz,60,Feminino,Solteiro,Superior Completo,9362,3723.72,3,Desempregado,Inadimplente,782,11017.72,31,6351.24,Logística,22603,3390.45,1.781.230.056.076.320,Sol Nascente Serviços
587927eb-20b7-462a-8ad6-26629ad67392,Dra. Maria Clara Campos,54,Feminino,Casado,Médio Completo,15891,5012.44,3,Autônomo,Inadimplente,344,11505.49,1,13181.06,Comércio,29491,4423.65,2.279.055.886.367.880,Polo Tecnologias
4733d1be-b8c4-4e6e-be5d-a5f1c034909c,Maria Julia Moura,56,Feminino,Viúvo,Fundamental Completo,11533,7571.31,3,Autônomo,Inadimplente,394,8595.67,47,2456.79,Comércio,40287,6043.05,0.648784626372362,Riacho Indústrias
7e11a550-0e1b-4f99-bdb0-83d7fcfbc287,João Miguel Teixeira,56,Feminino,Divorciado,Fundamental Completo,11966,7794.33,3,Desempregado,Inadimplente,599,3999.6,49,5434.92,Logística,13351,2002.65,2.419.262.132.913.160,fastlog
1bf15462-10eb-4968-ad73-690556d82817,Rebeca Pinto,47,Masculino,Solteiro,Pós-Graduação,19405,4444.99,3,Empregado,Inadimplente,823,17315.26,51,5001.07,Comércio,39892,5983.8,1.398.907.760.093.330,Futuro Consultoria
98178d73-2b42-4499-a2df-6f4dba823b4f,Gustavo Porto,25,Masculino,Casado,Médio Completo,17198,7353.49,0,Desempregado,Inadimplente,772,15481.35,8,4600.05,Serviços,16131,2419.65,-3.105.585.271.411.130,Nexus Corporativo
b18b5382-2a8b-4c0f-96ff-eee9fab4ac1e,Thales Ferreira,18,Feminino,Viúvo,Fundamental Completo,10231,12586.37,0,Empregado,Inadimplente,546,17234.44,50,12399.56,Autônomo,19314,2897.1,919.133.975.229.004,Altura Soluções
d3fd9c65-26b8-4e2b-bc5e-f79bc0f6207a,Maria Sophia Souza,62,Feminino,Solteiro,Fundamental Completo,16269,14520.97,4,Autônomo,Inadimplente,317,3368.29,29,11386.64,Indústria,23243,3486.45,0.8169729387823317,Brilho Holdings
56043779-b2a5-45d1-a770-4392d61c6998,Sra. Sarah Rodrigues,21,Feminino,Viúvo,Fundamental Incompleto,5616,799.48,0,Desempregado,Inadimplente,695,11637.47,57,11559.0,Autônomo,34653,5197.95,-4.315.767.807.339.790,Orion Consultoria
284f3444-33c1-4364-8362-c8dc8df46f6b,Marcela Viana,43,Feminino,Divorciado,Médio Incompleto,15329,2503.33,2,Desempregado,Inadimplente,720,12457.94,9,2040.32,Indústria,28179,4.226.849.999.999.990,536.434.611.088.089,Vértice Empreendimentos
47cb8697-aa4e-4199-9541-d692d9c0d86f,Guilherme Nascimento,30,Masculino,Solteiro,Médio Completo,6645,8316.15,5,Autônomo,Inadimplente,809,8352.56,11,5529.99,Saúde,26187,3928.05,21.518.311.507.375.800,Novo Serviços
9ef02669-6485-4165-a07b-724f4a219707,Melissa Lopes,52,Feminino,Solteiro,Fundamental Completo,15855,8879.59,1,Desempregado,Inadimplente,354,7331.63,37,790.07,Autônomo,24314,3647.1,2.230.465.413.798.690,Primeiro Tecnologias
dfdb9ea8-363b-4a1e-9f60-870823d58ee1,Eloah Vieira,20,Masculino,Solteiro,Fundamental Incompleto,5144,10513.58,4,Autônomo,Inadimplente,356,6210.28,26,10180.01,Indústria,8272,1240.8,6.813.378.169.510.690,União Indústrias
c7f7820a-f21e-4ff4-888e-b9ccc4e47186,Julia Duarte,36,Masculino,Solteiro,Superior Completo,5170,11360.1,3,Desempregado,Inadimplente,490,12412.27,42,8963.53,Comércio,9409,1411.35,7.762.642.349.978.910,Ponte Parceiros
38e034bb-d843-4878-ac3b-aae9b3057ff4,Paulo da Rosa,49,Feminino,Solteiro,Superior Completo,7026,9056.33,1,Autônomo,Inadimplente,425,12164.84,24,5611.43,Agricultura,9912,1486.8,-4.785.671.904.329.800,Frente Consultoria
26437b2b-2f0e-41e1-85d2-50e22cb209d2,Maria Sophia Correia,24,Feminino,Casado,Médio Completo,16604,7622.68,2,Empregado,Inadimplente,788,3669.18,56,5948.55,Serviços,33832,5074.8,23.401.778.749.807.700,Alvorada Corporativo
3eb1ced0-35e9-4858-afe4-27dbce9ae6e4,Rafaela Fogaça,51,Masculino,Solteiro,Médio Incompleto,3158,1962.06,1,Empregado,Inadimplente,768,12084.06,39,7059.63,Autônomo,23861,3579.15,15.609.900.636.679.900,Aurora Soluções
c71c53d4-1342-4942-b8bb-5466b979b15b,Raul Caldeira,26,Masculino,Solteiro,Superior Completo,14864,11776.99,3,Empregado,Inadimplente,308,17988.53,60,7777.14,Comércio,39785,5967.75,10.651.761.509.865.400,Verde Holdings
6e12305d-1081-41e0-8629-96a0cf5535cb,Sr. Thiago Fernandes,24,Masculino,Viúvo,Superior Completo,17998,14622.92,5,Empregado,Inadimplente,617,18378.17,1,7520.68,Comércio,16543,2481.45,-20.995.757.663.968.400,Horizonte Consultoria
c7ffb375-de53-4a0a-8302-55b40654cacc,Maria Eduarda Aragão,34,Feminino,Divorciado,Médio Completo,3979,6242.8,5,Autônomo,Inadimplente,436,6804.92,51,7153.27,Comércio,16368,2455.2,21.141.285.228.106.300,Estrela Empreendimentos
3f014b89-a573-4135-a63b-d72c170e98e2,Marcelo Rezende,61,Masculino,Solteiro,Médio Incompleto,19731,13268.67,5,Autônomo,Inadimplente,840,8530.18,13,2533.43,Logística,20948,3142.2,2.406.260.867.777.120,Sol Nascente Serviços
2c9c379e-3088-438c-af45-147e43029417,Lorena da Cunha,49,Masculino,Casado,Médio Completo,16209,4779.71,2,Empregado,Inadimplente,709,8113.25,37,13792.54,Logística,31148,4672.2,19.976.151.005.047.500,Polo Tecnologias
60e0335a-1e4f-4ead-b4e8-05d6144b269b,Raquel da Cruz,49,Masculino,Viúvo,Médio Completo,8470,3555.42,4,Empregado,Inadimplente,608,6973.22,13,4701.08,Serviços,14995,2249.25,12.819.415.928.027.900,Riacho Indústrias
6111dd96-130c-4310-ade3-46e392924831,Sr. Fernando da Cunha,62,Feminino,Solteiro,Médio Incompleto,18492,12252.97,3,Desempregado,Inadimplente,666,17969.23,28,3870.52,Comércio,43350,6502.5,7.104.529.986.278.740,comercial jade
94b99d3c-2c55-4bd8-a2f7-6c39557b453a,Nicole Silva,27,Feminino,Solteiro,Fundamental Incompleto,15346,3475.22,0,Desempregado,Inadimplente,311,701.22,13,6576.89,Autônomo,6318,947.7,9.717.245.560.366.710,Futuro Consultoria
335a055b-bbe6-465a-8861-9cade9810797,Helena Azevedo,19,Masculino,Casado,Fundamental Completo,8988,14638.87,2,Autônomo,Inadimplente,707,1783.56,17,1742.24,Comércio,5959,893.85,169.349.152.675.779,Nexus Corporativo
ac9d0a5a-dc7d-42a3-9162-538ed3cb34c4,Maria Cecília Rocha,47,Feminino,Viúvo,Superior Completo,14810,13675.94,4,Desempregado,Inadimplente,827,19097.28,58,526.96,Comércio,19023,2853.45,2.412.197.016.111.260,Altura Soluções
ef98c060-ed49-44d5-b3b0-88deb431c98f,Caroline Rezende,65,Masculino,Solteiro,Médio Completo,5274,14466.18,1,Desempregado,Inadimplente,552,18640.16,25,7294.98,Serviços,34293,5143.95,-29.191.223.378.048.900,Brilho Holdings
776e79cb-1611-47c8-8a96-b5e5e4d6f4dd,Dra. Ana Clara Costa,19,Feminino,Viúvo,Fundamental Completo,6057,9442.89,4,Autônomo,Inadimplente,564,11211.61,11,2258.57,Comércio,26154,3923.1,7.872.934.300.773.800,Orion Consultoria
f172580f-ac95-4267-bfa0-945143300d8c,Dr. Lorenzo Caldeira,18,Masculino,Casado,Médio Incompleto,11238,13592.71,5,Empregado,Inadimplente,710,6605.91,21,11786.9,Indústria,24277,3641.55,7.823.809.853.494.300,Vértice Empreendimentos
58c848f0-091a-446e-af91-1b720a59fd19,Heitor Pereira,64,Masculino,Divorciado,Fundamental Completo,9419,790.69,5,Autônomo,Inadimplente,378,897.93,28,9432.47,Comércio,37863,5679.45,22.208.479.008.396.400,Novo Serviços
6ed80cf5-220f-4b1a-b881-10f11798bc40,Lucas Rocha,49,Masculino,Viúvo,Superior Completo,12978,10111.72,0,Autônomo,Inadimplente,715,8673.67,15,6121.02,Comércio,33629,5.044.349.999.999.990,1.493.082.642.545.790,Primeiro Tecnologias
f8d540b4-f9b8-4cbf-973f-89c50f072f7c,Julia Cunha,49,Feminino,Solteiro,Superior Completo,17844,7185.1,3,Autônomo,Inadimplente,454,15435.77,40,13514.05,Serviços,21220,3183.0,8.155.622.007.242.850,União Indústrias
551bfa2c-760e-49a3-b7cc-35b87a6407b3,Murilo Castro,50,Masculino,Solteiro,Médio Completo,6297,13467.12,4,Empregado,Inadimplente,688,17050.31,28,2379.88,Indústria,43086,6462.9,1.611.485.544.410.710,Ponte Parceiros
ec537ab2-807d-47ff-b501-6f78fcafb8db,Manuela da Rosa,59,Masculino,Divorciado,Médio Completo,14527,14827.08,0,Empregado,Inadimplente,662,1657.73,54,3704.57,Indústria,30848,4627.2,15.959.021.184.894.800,Frente Consultoria
ffd485f5-a53d-46e6-a6a6-4411eaebbf17,Sr. Marcos Vinicius Rodrigues,38,Masculino,Casado,Fundamental Incompleto,4879,6994.54,3,Empregado,Inadimplente,449,1456.92,19,2010.68,Serviços,38394,5.759.099.999.999.990,10.159.804.257.119.300,Alvorada Corporativo
9e628105-437e-4cae-9c4d-6cf3f2a252a9,Heloísa Moraes,39,Feminino,Casado,Fundamental Completo,7583,5206.3,2,Desempregado,Inadimplente,472,18463.06,9,11311.56,Serviços,40149,6.022.349.999.999.990,728.916.745.880.676,Aurora Soluções
dd5c8f1b-ed32-4cee-a796-d7901a388a75,Igor Dias,60,Masculino,Divorciado,Médio Completo,6372,9273.4,0,Desempregado,Inadimplente,384,10342.22,41,1648.67,Serviços,48959,7.343.849.999.999.990,-37.717.184.170.614.400,Verde Holdings
e041ebbf-7ed6-4103-ad56-52f6cc26dfef,Sabrina Cunha,32,Feminino,Casado,Superior Completo,7755,6183.34,5,Desempregado,Inadimplente,332,424.79,46,13072.73,Autônomo,25790,3868.5,16.652.601.772.784.600,Horizonte Consultoria
a6fe259d-9e1d-4a30-a82c-2838949b177a,Helena Souza,26,Feminino,Divorciado,Superior Completo,16767,3230.41,2,Desempregado,Inadimplente,459,10770.27,35,14949.38,Comércio,38414,5.762.099.999.999.990,14.007.354.015.577.700,Estrela Empreendimentos
3e9e28b8-0b54-4a49-ab4e-1aa83a1f6450,Laura Gomes,60,Feminino,Solteiro,Fundamental Incompleto,3368,3248.75,2,Autônomo,Inadimplente,836,9088.08,35,7449.08,Indústria,10673,1600.95,-2.722.128.526.205.750,Sol Nascente Serviços
833e3db3-a588-4622-8e19-0b49d8d80183,Sr. Carlos Eduardo Ramos,29,Masculino,Viúvo,Médio Incompleto,14877,6503.47,2,Desempregado,Inadimplente,717,13998.7,48,4178.06,Serviços,39686,5952.9,0.5291551589567964,Polo Tecnologias
dae5fcbc-3e8a-42e7-a8eb-28d30af0ddb3,Calebe Melo,48,Feminino,Viúvo,Fundamental Incompleto,16174,10501.58,1,Empregado,Inadimplente,607,12456.46,38,10332.87,Comércio,40570,6085.5,23.720.404.859.118.500,Riacho Indústrias
cf7dabd7-166c-477e-9924-a5825b333d38,Júlia Melo,23,Feminino,Solteiro,Pós-Graduação,9462,7178.22,2,Desempregado,Inadimplente,369,414.31,3,1173.95,Autônomo,49259,7.388.849.999.999.990,-26.422.869.894.101.700,Luci doces
3a6b8d4b-7d71-42c3-82ca-525473ab18bc,Mariana Porto,23,Feminino,Viúvo,Fundamental Incompleto,13854,2980.73,1,Desempregado,Inadimplente,420,10666.46,28,6123.49,Indústria,18290,2743.5,4.399.808.279.099.570,Futuro Consultoria
d258d1d0-879e-48e2-8216-d2893ea7e97d,Gabriel Moura,45,Masculino,Casado,Médio Incompleto,15429,8741.21,2,Desempregado,Inadimplente,415,11502.18,14,4936.65,Indústria,22294,3344.1,4.711.058.835.174.720,Nexus Corporativo
22ae3f78-3cf2-4d31-b9da-0ee7cb7084a0,Cauã Fogaça,65,Feminino,Divorciado,Superior Completo,2645,9897.44,3,Autônomo,Inadimplente,578,7719.4,4,14610.51,Educação,23340,3501.0,19.170.600.178.609.800,Altura Soluções
762070e2-852e-46b2-9d77-655070dfada9,Valentina Almeida,21,Feminino,Casado,Médio Completo,6607,11323.19,5,Autônomo,Inadimplente,681,14000.67,26,4332.98,Comércio,10518,1577.7,0.7103309965279836,Brilho Holdings
ae051968-8f6a-498c-89dd-268103b49496,Luiza Carvalho,46,Feminino,Solteiro,Superior Completo,2481,3277.19,5,Empregado,Inadimplente,538,11571.41,30,7460.94,Autônomo,8605,1290.75,2.155.454.403.412.320,Orion Consultoria
64c26d49-c7bc-47b4-89f3-132e3cce9e79,Yuri Vieira,56,Masculino,Casado,Fundamental Incompleto,17524,2855.25,5,Autônomo,Inadimplente,700,7077.55,45,11679.49,Autônomo,20088,3013.2,-3.054.180.878.683.290,Vértice Empreendimentos
dbe1ca58-9ede-4028-89b4-cd21b09cf598,Manuela Moura,51,Masculino,Solteiro,Médio Incompleto,15713,9588.47,1,Autônomo,Inadimplente,841,13040.59,1,7208.19,Comércio,17355,2603.25,15.368.264.389.651.700,Novo Serviços
aa892ca1-5330-4dba-a75a-3780a67f9dba,Dr. Otávio Cavalcanti,46,Feminino,Divorciado,Fundamental Completo,6381,6618.87,0,Autônomo,Inadimplente,635,7995.86,10,12845.07,Comércio,10303,1545.45,-378.355.026.601.605,Primeiro Tecnologias
df87bdd0-2962-4f25-b74b-19cdb5fe6d80,Leandro Moraes,61,Feminino,Viúvo,Fundamental Completo,2237,7986.75,4,Autônomo,Inadimplente,709,177.52,59,9678.0,Serviços,16878,2531.7,16.489.039.152.415.800,União Indústrias
ef57bedd-3d0b-40e6-b5d1-2d4fae4ae9e6,Maria Julia da Rocha,41,Feminino,Divorciado,Pós-Graduação,17218,12453.46,2,Autônomo,Inadimplente,545,15349.1,0,13114.48,Autônomo,11093,1663.95,14.862.559.381.185.100,Ponte Parceiros
c4675f98-7bda-4e93-9721-ec64b54e0a0d,Yago da Costa,50,Masculino,Solteiro,Fundamental Completo,18868,6407.0,5,Desempregado,Inadimplente,584,3412.35,38,7037.1,Agricultura,30543,4581.45,28.187.844.324.702.400,Frente Consultoria
96d98b39-962b-4f3e-8442-3ca0fd783c17,Cecília Silva,64,Feminino,Viúvo,Médio Completo,8259,2234.11,0,Desempregado,Inadimplente,357,6902.99,30,5592.24,Serviços,42743,6411.45,14.645.909.173.157.900,Alvorada Corporativo
57288ee9-41a9-415f-9c9a-637bcebef0fa,Ana Carolina Sales,27,Feminino,Viúvo,Médio Completo,17324,1355.51,4,Desempregado,Inadimplente,821,16818.92,12,10310.77,Serviços,5609,841.35,9.053.622.439.563.310,Aurora Soluções
9fe181a4-d9ca-4d82-bc92-77b96009bfe6,Dra. Maria Clara da Paz,19,Masculino,Viúvo,Médio Incompleto,12562,13227.32,4,Autônomo,Inadimplente,772,10147.12,19,1579.67,Indústria,41119,6.167.849.999.999.990,1.462.957.887.880.720,Verde Holdings
80fe076b-a69b-4bc4-be0b-aab7f1782de5,Catarina Dias,27,Masculino,Viúvo,Médio Incompleto,8754,4938.32,3,Empregado,Inadimplente,419,15387.68,1,5708.79,Indústria,40336,6050.4,228.887.724.708.758,Horizonte Consultoria
ca869646-49b6-4914-95a4-1c70e85db502,Emanuella Dias,30,Feminino,Solteiro,Fundamental Incompleto,7872,13718.12,4,Autônomo,Inadimplente,780,18078.69,18,12307.98,Comércio,21706,3255.9,11.842.181.848.279.600,Estrela Empreendimentos
2eb80690-d273-41b2-976e-d559dc6f9c9b,Maitê Freitas,22,Masculino,Viúvo,Médio Completo,17425,8527.41,2,Empregado,Inadimplente,810,4892.89,6,10797.07,Comércio,46651,6997.65,7.492.874.635.918.070,Sol Nascente Serviços
5f58dc38-c3f0-4c1b-ba42-6c95e4444260,João da Paz,50,Feminino,Solteiro,Médio Completo,15964,9875.09,0,Empregado,Inadimplente,673,17885.33,57,13607.42,Autônomo,19991,2998.65,-2.519.742.732.492.000,Polo Tecnologias
664a89a4-fcb9-4bb7-8c52-bb6c7b4f7b40,Sofia da Costa,20,Feminino,Viúvo,Pós-Graduação,7243,3251.45,5,Autônomo,Inadimplente,468,11276.78,41,1605.34,Comércio,34490,5173.5,-0.078051213357094,Riacho Indústrias
b5da0f0d-5b05-4f11-8bdc-63a2a2fcab4b,Maitê Viana,62,Masculino,Divorciado,Pós-Graduação,8011,11622.95,1,Desempregado,Inadimplente,373,19770.03,60,5100.06,Serviços,23259,3488.85,9.640.685.450.970.230,Inova Parceiros
dd1290fe-b99b-4683-acdf-2f0b5e5a4f1d,Ana Lívia Teixeira,29,Masculino,Solteiro,Médio Incompleto,16826,9873.93,0,Autônomo,Inadimplente,615,19963.63,18,2219.63,Indústria,16309,2446.35,15.230.103.423.129.000,Futuro Consultoria
3e490db6-a4d5-4034-8178-571876d190b5,Cecília Alves,57,Masculino,Viúvo,Fundamental Completo,10110,12827.13,2,Empregado,Inadimplente,587,2022.88,39,3643.0,Serviços,46839,7.025.849.999.999.990,10.157.095.353.665.100,Nexus Corporativo
2760e5a4-b9e7-4bfd-addd-4c91191a7950,Leandro da Conceição,60,Feminino,Casado,Médio Completo,17145,13901.5,2,Autônomo,Inadimplente,312,1163.07,26,2395.59,Logística,46691,7003.65,2.066.497.043.164.370,Altura Soluções
e28467b1-c451-4f01-aa82-489342ab3a8a,Bernardo Fernandes,57,Masculino,Viúvo,Superior Completo,10062,9880.59,1,Desempregado,Inadimplente,466,10360.99,19,11366.4,Autônomo,43198,6479.7,10.969.042.599.945.500,Brilho Holdings
df9d6093-6bb6-4aea-a026-ff68ad7cd7ce,Sr. Gustavo Henrique Gonçalves,33,Masculino,Viúvo,Superior Completo,16145,5869.82,0,Autônomo,Inadimplente,673,3740.7,5,9248.72,Tecnologia,48509,7.276.349.999.999.990,541.325.336.188.496,Orion Consultoria
e029a434-f79a-4c81-9888-2d3fa9fad8d7,Matheus Santos,38,Feminino,Divorciado,Médio Incompleto,3147,5988.13,5,Desempregado,Inadimplente,743,2187.58,7,5084.7,Comércio,16754,2513.1,16.351.449.986.674.500,Vértice Empreendimentos
e7c46b04-bd30-47a8-bc4d-950f0156c9f5,Rebeca Dias,47,Masculino,Divorciado,Médio Completo,10104,13131.25,0,Empregado,Inadimplente,329,18459.03,31,4246.46,Autônomo,41320,6198.0,221.183.838.453.593,Novo Serviços
3913d53e-210f-4e44-986f-8214845cbc70,Pedro Henrique Costela,57,Feminino,Casado,Superior Completo,15420,14086.33,5,Autônomo,Inadimplente,679,12157.09,37,14172.67,Saúde,40263,6039.45,24.082.967.784.176,Primeiro Tecnologias
e27472d2-6437-4dfa-b198-9e71f3a3eaac,Vitória Almeida,30,Feminino,Casado,Médio Completo,16402,1256.11,2,Empregado,Inadimplente,534,6602.61,6,13503.19,Comércio,24406,3660.9,17.802.391.840.527.100,União Indústrias
2ffd3ec0-7ec1-4ff7-8159-91a966342b39,Bruno Souza,52,Feminino,Solteiro,Fundamental Completo,8299,5789.97,5,Autônomo,Inadimplente,408,7136.18,58,9140.34,Logística,17006,2550.9,7.905.598.255.674.430,Ponte Parceiros
516f0ebf-494a-4fc9-b0fd-e9aab2b14b44,Sr. Theo Freitas,53,Feminino,Solteiro,Médio Incompleto,19728,3155.46,2,Empregado,Inadimplente,462,11951.24,33,3853.99,Autônomo,26840,4026.0,10.572.534.265.118.700,Frente Consultoria
4f5f6e07-d1d4-43ea-af21-260bd05edb5b,Maria Costela,53,Feminino,Casado,Superior Completo,3568,1980.78,4,Desempregado,Inadimplente,476,9977.91,56,5457.11,Serviços,25548,3832.2,-22.850.317.035.367.900,Alvorada Corporativo
7f4a3e9b-1e11-4b7e-af3e-d6fb5d9b37f7,Enzo Gabriel Moraes,58,Masculino,Divorciado,Médio Completo,12597,6537.64,2,Autônomo,Inadimplente,818,3350.11,32,7424.65,Indústria,9537,1430.55,15.568.975.411.633.500,Aurora Soluções
31885dda-341b-4bfd-a4b6-d56144fc456a,Joana Sales,54,Feminino,Solteiro,Superior Completo,5692,3402.85,1,Desempregado,Inadimplente,792,19967.06,56,8185.26,Serviços,8407,1261.05,20.825.789.509.591.000,Verde Holdings
9792c8b9-85d4-42e9-a81f-0c8ef1bf79bb,Anthony Gomes,53,Masculino,Casado,Médio Completo,18878,12881.3,0,Desempregado,Inadimplente,770,355.29,40,5869.21,Serviços,7283,1092.45,16.639.228.601.764.400,Horizonte Consultoria
95676cd2-0d13-4e5e-997b-2279990fa819,Joana Dias,40,Masculino,Casado,Médio Incompleto,9403,8534.36,4,Empregado,Inadimplente,572,3534.96,34,11796.52,Autônomo,18563,2784.45,2.251.298.433.829.590,Estrela Empreendimentos
e5fece28-fac1-43ff-acff-2d857980030d,Eduarda Fernandes,31,Feminino,Viúvo,Médio Incompleto,9069,11500.41,5,Desempregado,Inadimplente,787,19661.89,58,6118.7,Tecnologia,47481,7122.15,2.030.837.487.880.930,Sol Nascente Serviços
c2d69463-4e1b-4f5c-b587-0c1f6d00663d,Benjamin Silva,55,Masculino,Solteiro,Superior Completo,19314,4477.66,5,Autônomo,Inadimplente,818,16278.4,21,4952.71,Serviços,36349,5.452.349.999.999.990,10.932.912.267.235.000,Polo Tecnologias
a75791a4-85ae-454d-b3da-4d040410b190,Nicolas da Rocha,21,Masculino,Casado,Médio Completo,18611,14263.33,1,Empregado,Inadimplente,611,1022.38,60,2215.4,Indústria,18685,2802.75,10.376.877.438.540.200,Riacho Indústrias
7f660957-b69b-440e-9ea0-d7ec4e3db815,Emanuel Rezende,64,Feminino,Casado,Superior Completo,16396,13057.17,4,Desempregado,Inadimplente,822,7548.25,36,6044.86,Indústria,10368,1555.2,14.414.334.312.552.300,Indietech
43f93a46-0cd8-49af-909d-d2f018c27437,Guilherme Carvalho,56,Feminino,Divorciado,Superior Completo,10245,4889.14,2,Empregado,Inadimplente,839,6347.76,15,8314.28,Serviços,45230,6784.5,1.671.334.368.615.660,Futuro Consultoria
56f0ed3b-957e-4ac6-b2cc-8491d6b4bffb,Luigi da Cunha,52,Masculino,Viúvo,Médio Completo,16900,732.65,2,Desempregado,Inadimplente,788,1641.53,44,9230.51,Autônomo,27422,4113.3,-4.717.655.258.517.330,Nexus Corporativo
8cde54cd-523a-4951-8a80-488de80353ec,Vinicius Alves,20,Feminino,Casado,Fundamental Incompleto,13502,6849.71,1,Empregado,Inadimplente,821,9577.11,53,11366.41,Saúde,48666,7299.9,2.343.329.781.228.230,Altura Soluções
ab564612-77f0-4663-a062-c73e3d58102c,Sophia da Cruz,26,Feminino,Casado,Fundamental Incompleto,4241,11436.46,0,Empregado,Inadimplente,578,389.27,49,13138.71,Autônomo,34451,5167.65,-0.664237074591866,Brilho Holdings
6e51e4fa-fd09-454a-93ef-a6a2ac49758f,Danilo Gomes,55,Masculino,Viúvo,Médio Incompleto,15797,526.01,0,Desempregado,Inadimplente,624,12774.72,32,3058.89,Serviços,29029,4.354.349.999.999.990,2.443.508.053.971.130,Orion Consultoria
f587df9a-05cd-47a3-bd84-065971e4e406,Dra. Alexia Caldeira,38,Masculino,Divorciado,Pós-Graduação,10024,6558.63,1,Empregado,Inadimplente,726,6274.29,34,5924.4,Comércio,47778,7166.7,21.382.415.519.234.500,Vértice Empreendimentos
d3e79420-0aa5-458b-8423-d80a96e9c857,Vitor Gabriel das Neves,25,Feminino,Casado,Fundamental Completo,3868,1303.47,3,Autônomo,Inadimplente,306,15353.79,4,5910.11,Logística,31075,4661.25,13.466.576.207.473.700,Novo Serviços
3b58e5d8-6844-49b8-803d-8f6813f66839,Carlos Eduardo Cavalcanti,33,Feminino,Viúvo,Médio Incompleto,6140,12979.62,3,Autônomo,Inadimplente,771,14006.01,12,2897.21,Indústria,18618,2792.7,0.0345664311883453,Primeiro Tecnologias
c6f65084-0296-4f60-8df4-bb2b1ec1bec2,Sr. Gabriel Dias,48,Masculino,Divorciado,Superior Completo,17558,4994.7,2,Desempregado,Inadimplente,787,17847.51,34,10043.48,Comércio,45671,6850.65,9.195.819.489.426.620,União Indústrias
2e9c975d-877b-48c0-8088-a59a464343cc,Dr. Pedro Castro,44,Masculino,Divorciado,Superior Completo,15869,14478.65,5,Autônomo,Inadimplente,620,7957.06,41,8926.27,Comércio,17951,2692.65,13.573.250.322.515.400,Ponte Parceiros
c4211464-111d-4e95-97ac-693c372ff82a,Pedro Azevedo,64,Feminino,Solteiro,Pós-Graduação,4428,3205.28,4,Desempregado,Inadimplente,325,7833.88,34,600.83,Indústria,31035,4655.25,7.676.548.763.362.550,Frente Consultoria
0603b4b6-66f7-4b91-b9f4-234faf7d7f38,Sr. Marcos Vinicius Nascimento,20,Masculino,Solteiro,Médio Completo,2226,6998.23,1,Desempregado,Inadimplente,315,10744.07,30,7146.44,Serviços,49508,7426.2,16.367.545.580.363.100,Alvorada Corporativo
33dbfd9f-cbd2-401c-9b4b-5301579d0bea,Júlia Peixoto,65,Masculino,Divorciado,Fundamental Incompleto,9031,13905.16,1,Desempregado,Inadimplente,788,5656.5,4,930.88,Logística,45118,6767.7,4.681.583.486.047.970,Aurora Soluções
976ced8b-44fc-4bc8-825d-e8b9463e4ced,Sophie Silveira,42,Masculino,Solteiro,Fundamental Completo,1985,5582.47,2,Empregado,Inadimplente,720,8802.26,32,4198.24,Logística,30309,4.546.349.999.999.990,18.700.540.726.887.200,Verde Holdings
ff1fb28e-a24e-4410-8b64-2e95d6aba912,Lucca da Mota,22,Masculino,Casado,Fundamental Incompleto,12064,8192.53,4,Autônomo,Inadimplente,757,19895.87,42,2397.42,Autônomo,24402,3660.3,3.532.827.159.704.630,Horizonte Consultoria
d78246b7-110a-45b0-a210-d4ef4cbe2f1b,Alícia Azevedo,18,Feminino,Casado,Fundamental Completo,8210,10637.09,1,Desempregado,Inadimplente,627,16813.09,28,13771.56,Comércio,16480,2472.0,2.379.120.643.304.250,Estrela Empreendimentos
f8d5cbfe-865b-47c9-a7f6-c16e40f66380,Rodrigo Pinto,43,Feminino,Viúvo,Pós-Graduação,4204,14921.67,0,Empregado,Inadimplente,309,2023.66,56,9452.8,Comércio,18744,2811.6,1.930.776.715.075.850,Sol Nascente Serviços
ef926162-f73d-413d-a79c-62c69e5deb7e,Maria Lima,35,Masculino,Casado,Fundamental Incompleto,14475,5908.25,2,Empregado,Inadimplente,600,13065.61,18,13106.4,Indústria,6748,1012.2,45.589.889.205.492.000,Polo Tecnologias
193ba461-d615-4672-af4c-e8ed97ec9c07,Luiz Felipe Pinto,28,Masculino,Casado,Pós-Graduação,16157,7017.45,4,Empregado,Inadimplente,691,2421.99,9,14916.49,Autônomo,48696,7304.4,18.636.423.391.840.400,Riacho Indústrias
9ff948e0-4ecb-4c65-b698-9a91f980f36e,Isaac Costa,62,Feminino,Solteiro,Pós-Graduação,1187,3907.65,2,Autônomo,Inadimplente,332,7212.16,2,7618.88,Comércio,11452,1717.8,-0.687635850968257,Inova Parceiros
1e2f8291-db86-4d74-9f59-61ee15a3defd,Ana Julia da Rocha,20,Feminino,Divorciado,Fundamental Completo,1172,5928.42,3,Autônomo,Inadimplente,699,13280.65,5,14802.37,Autônomo,8486,1272.9,1.066.794.431.484.960,Futuro Consultoria
cb30464c-28cd-480b-835d-164f9b067ef3,Dr. Davi Jesus,30,Feminino,Divorciado,Médio Incompleto,16057,861.22,1,Empregado,Inadimplente,511,19678.94,56,9461.52,Tecnologia,38687,5803.05,1.423.855.390.877.720,Nexus Corporativo
22065288-2dc0-47ce-8d09-de4549b76db2,Luiz Felipe Viana,19,Masculino,Divorciado,Médio Incompleto,10103,2475.03,5,Desempregado,Inadimplente,542,985.42,32,11419.12,Indústria,43583,6537.45,3.643.787.176.926.590,Altura Soluções
4bc7cc64-d892-4b27-a865-aeff2ea89ac5,Pedro Lucas da Cunha,38,Feminino,Viúvo,Superior Completo,19578,6843.09,1,Empregado,Inadimplente,356,1325.45,10,9004.07,Logística,8121,1218.15,19.068.615.077.559.100,Brilho Holdings
0570d4de-3159-45a0-9d40-ab17b430b291,Natália Fernandes,62,Feminino,Divorciado,Médio Incompleto,3740,12548.05,2,Desempregado,Inadimplente,622,7566.54,25,2716.69,Autônomo,27362,4104.3,4.966.260.096.693.950,Orion Consultoria
dceb2f9b-eba1-4682-aae3-6ba3a36c4b78,Agatha Oliveira,35,Feminino,Viúvo,Fundamental Incompleto,7544,1646.98,5,Desempregado,Inadimplente,737,7205.89,45,14663.03,Autônomo,34554,5.183.099.999.999.990,208.230.709.762.492,Vértice Empreendimentos
1102fa69-8adc-4a24-8b7b-43fc99fae4b8,Sr. Ryan Cardoso,34,Feminino,Viúvo,Superior Completo,15735,14135.82,2,Empregado,Inadimplente,572,3364.16,25,12538.95,Saúde,48669,7.300.349.999.999.990,2.238.107.045.901.470,Novo Serviços
6a13ac3e-9118-403f-9bfd-7d7e396ca5c5,Ana Carolina da Luz,32,Feminino,Viúvo,Fundamental Completo,7568,6647.8,4,Empregado,Inadimplente,395,19457.68,13,6914.02,Comércio,32119,4.817.849.999.999.990,20.195.102.694.563.300,Primeiro Tecnologias
6b6766b1-4754-41f9-84bd-ba0759c9feb6,Lucas Cardoso,33,Masculino,Solteiro,Fundamental Completo,8789,13247.78,4,Desempregado,Inadimplente,835,15168.14,33,3040.81,Comércio,14408,2161.2,2.193.096.848.192.720,União Indústrias
736a9745-8d90-4041-b2b2-834e39ee0a53,Maria Julia Barros,30,Masculino,Divorciado,Superior Completo,9020,2459.94,5,Empregado,Inadimplente,673,11354.68,52,1381.16,Logística,33074,4.961.099.999.999.990,-2.698.825.600.551.530,Ponte Parceiros
e6f572bd-3483-4b6b-a52f-ebb9e55f1b40,Francisco Cardoso,42,Masculino,Casado,Superior Completo,5546,10774.97,2,Desempregado,Inadimplente,660,1123.56,21,3784.58,Autônomo,11534,1730.1,18.314.650.097.563.600,Frente Consultoria
79e13ab1-ad70-4aa8-b041-e2330c948db6,Ana Vitória Pires,39,Masculino,Solteiro,Superior Completo,13675,12921.55,3,Empregado,Inadimplente,472,2642.09,53,5923.35,Indústria,39863,5979.45,9.980.704.075.215.720,Alvorada Corporativo
30b50501-a625-4f3a-a9f9-009e1f9186e0,Srta. Kamilly Santos,45,Feminino,Solteiro,Fundamental Incompleto,18583,8974.7,5,Empregado,Inadimplente,303,15972.14,6,7754.81,Comércio,16154,2423.1,4.952.462.725.070.210,Aurora Soluções
271ee1c1-fc60-4e71-9ecc-eefbdb95de33,Kevin Cardoso,46,Masculino,Viúvo,Médio Completo,1039,1452.4,2,Empregado,Inadimplente,824,12482.6,17,4598.96,Autônomo,22451,3367.65,1.958.157.035.356.050,Verde Holdings
0495ab36-a618-4775-a863-b928646887e5,Stephany Gonçalves,45,Feminino,Solteiro,Fundamental Completo,9137,7794.83,4,Empregado,Inadimplente,418,13260.36,23,3732.32,Autônomo,13814,2072.1,1.109.843.280.151.670,Horizonte Consultoria
d2545e2b-7379-4685-8569-e232abb4af1e,Luna Alves,41,Masculino,Solteiro,Superior Completo,2359,4619.29,3,Autônomo,Inadimplente,669,5213.35,42,5064.84,Serviços,14419,2162.85,1.909.625.028.880.530,Estrela Empreendimentos
6d9fcfd9-5e0f-46bd-b725-3d7282394931,Lucca Nogueira,33,Masculino,Divorciado,Pós-Graduação,6600,4243.19,2,Desempregado,Inadimplente,728,17278.62,52,1722.3,Serviços,25859,3878.85,-3.059.636.969.773.420,Sol Nascente Serviços
e1fda8f1-64f5-41b1-b56c-206f494ce011,Gabrielly da Conceição,43,Feminino,Viúvo,Fundamental Incompleto,12877,11864.97,3,Empregado,Inadimplente,465,1852.07,53,12061.7,Logística,28573,4285.95,1.842.127.450.385.940,Polo Tecnologias
0ac4db31-b4ff-4663-83e7-7689c1756684,Augusto Nogueira,42,Feminino,Casado,Pós-Graduação,2683,9875.5,2,Autônomo,Inadimplente,362,7561.2,31,8464.95,Autônomo,32615,4892.25,-0.2452546526377172,Riacho Indústrias
dc01f0c8-5653-4c39-bb55-0ceebf172898,André Ferreira,45,Masculino,Casado,Médio Completo,13616,2362.58,4,Autônomo,Inadimplente,317,13064.99,52,13824.16,Indústria,40619,6.092.849.999.999.990,30.141.433.450.208.900,From Industrias
2c367f43-22b7-4717-aa71-747dee3ad7b2,Emanuella da Mota,59,Feminino,Divorciado,Fundamental Incompleto,12104,14005.28,3,Autônomo,Inadimplente,668,1962.57,47,11252.8,Logística,32083,4812.45,3.618.335.811.284.630,Futuro Consultoria
6fb18eab-9e5d-41a3-9cd4-d7ae1606c817,Raul Costa,54,Masculino,Solteiro,Fundamental Incompleto,8713,8240.54,0,Desempregado,Inadimplente,698,6850.49,52,9940.58,Autônomo,17030,2554.5,905.228.575.227.545,Nexus Corporativo
997779ce-b3ba-4e21-8e6b-9f9ecb1da27d,Benjamin Costa,47,Masculino,Casado,Superior Completo,6396,13803.6,5,Empregado,Inadimplente,697,17442.18,57,13269.05,Autônomo,34515,5177.25,22.793.201.544.656.600,Altura Soluções
6d26d032-2355-4bad-aabe-6746a6a8fd52,Lorena Rocha,31,Masculino,Casado,Médio Completo,2495,7005.25,0,Autônomo,Inadimplente,680,4539.25,43,12180.82,Comércio,33500,5025.0,18.086.834.639.898.900,Brilho Holdings
1efb4118-9132-47e1-b6bb-56752faad791,Luana Novaes,32,Masculino,Divorciado,Pós-Graduação,14465,11423.65,1,Desempregado,Inadimplente,639,12879.08,13,6036.55,Agricultura,12707,1906.05,-3.650.175.151.533.950,Orion Consultoria
486f3c57-97fd-4f90-818b-a52b4acac811,Sr. Nicolas Melo,37,Feminino,Divorciado,Médio Completo,11736,783.69,0,Desempregado,Inadimplente,624,3190.62,9,10790.53,Comércio,43992,6598.8,0.7403635288835497,Vértice Empreendimentos
c7dc1cf2-b54f-4419-9ac6-5ec71eb571a8,Cauã Cavalcanti,28,Feminino,Casado,Fundamental Incompleto,14295,13120.93,1,Desempregado,Inadimplente,410,18187.89,0,14676.34,Logística,10448,1567.2,874.987.064.154.017,Novo Serviços
4361a235-04f1-4637-b1d7-415e524b355c,Dr. Pedro Miguel Sales,24,Feminino,Viúvo,Médio Completo,9649,8984.03,4,Desempregado,Inadimplente,790,10123.82,55,13797.28,Indústria,9765,1464.75,2.030.924.701.176.470,Primeiro Tecnologias
ba0839ea-2dcc-4b19-87f0-0d7dc81543c1,Heitor Ramos,37,Feminino,Casado,Fundamental Completo,16804,2630.13,5,Empregado,Inadimplente,727,15128.28,16,13584.2,Autônomo,11518,1727.7,9.745.513.570.158.940,União Indústrias
50bed50a-c5e4-4d10-945d-252c5c1e4e4d,Thomas Duarte,32,Masculino,Casado,Pós-Graduação,10934,12503.69,2,Desempregado,Inadimplente,478,19247.92,8,1782.17,Comércio,37234,5.585.099.999.999.990,24.652.189.093.268.100,Ponte Parceiros
735e1a4a-08e3-49f0-9635-266cdfac08c7,Dr. João Gabriel Cardoso,31,Feminino,Viúvo,Pós-Graduação,16253,4977.03,2,Empregado,Inadimplente,731,15452.46,34,9821.04,Autônomo,17865,2679.75,13.886.210.597.951.800,Frente Consultoria
a3c4bb80-d691-44cd-a7f3-3a5d11bb0a80,Vitória Rocha,50,Feminino,Solteiro,Pós-Graduação,15425,8904.94,2,Autônomo,Inadimplente,462,6635.83,50,1071.94,Serviços,14258,2138.7,220.070.829.036.518,Alvorada Corporativo
5bedc29c-5321-4c12-8d35-3b4a544d81ba,Cliente Inadimplente 1,25,Feminino,Solteiro,Médio Completo,1500,1000.0,0,Autônomo,Inadimplente,200,1500.0,5,500.0,Agricultura,1000,150.0,5.0,Aurora Soluções
ece9d466-4f7a-47d7-9c6e-6fe5980a94fa,Cliente Inadimplente 2,35,Masculino,Casado,Fundamental Completo,2500,2000.0,1,Empregado,Inadimplente,300,2500.0,10,1000.0,Transportes,2000,300.0,10.0,Verde Holdings
3744cbbe-b0d2-4934-8876-f006d3915262,Cliente Inadimplente 3,45,Feminino,Divorciado,Superior Completo,3500,3000.0,2,Desempregado,Inadimplente,400,3500.0,15,1500.0,Energia,3000,450.0,15.0,Horizonte Consultoria
05ee45bc-a5f2-4e17-8156-6f329781b145,Cliente Inadimplente 4,55,Masculino,Viúvo,Médio Incompleto,4500,4000.0,3,Empregado,Inadimplente,500,4500.0,20,2000.0,Construção,4000,600.0,20.0,Estrela Empreendimentos
1826c3c5-f742-4bb7-9f77-9e2d8c9c2e63,Cliente Inadimplente 5,65,Feminino,Solteiro,Pós-Graduação,5500,5000.0,4,Autônomo,Inadimplente,600,5500.0,25,2500.0,Tecnologia Educacional,5000,750.0,25.0,Sol Nascente Serviços
